base	base_type	sentences	type	EL_DeepL	DE_DeepL	ES_DeepL	NL_DeepL
secretary	female_base	The secretary finished their work.	their	Ο γραμματέας τελείωσε τη δουλειά του.	Die Sekretärin beendete ihre Arbeit.	La secretaria terminó su trabajo.	De secretaresse maakte hun werk af.
nutritionist	female_base	The nutritionist finished their work.	their	Ο διατροφολόγος τελείωσε τη δουλειά του.	Die Ernährungsberaterin hat ihre Arbeit beendet.	El nutricionista terminó su trabajo.	De voedingsdeskundige maakte hun werk af.
hairdresser	female_base	The hairdresser finished their work.	their	Ο κομμωτής τελείωσε τη δουλειά του.	Der Friseur hat seine Arbeit beendet.	El peluquero terminó su trabajo.	De kapper is klaar met zijn werk.
dietitian	female_base	The dietitian finished their work.	their	Ο διαιτολόγος τελείωσε τη δουλειά του.	Die Diätassistentin hat ihre Arbeit beendet.	El dietista terminó su trabajo.	De diëtiste maakte hun werk af.
paralegal	female_base	The paralegal finished their work.	their	Η νομική βοηθός τελείωσε τη δουλειά της.	Die Anwaltsgehilfin beendete ihre Arbeit.	El asistente jurídico terminó su trabajo.	De paralegal maakte hun werk af.
nurse	female_base	The nurse finished their work.	their	Η νοσοκόμα τελείωσε τη δουλειά της.	Die Krankenschwester beendete ihre Arbeit.	La enfermera terminó su trabajo.	De verpleegsters maakten hun werk af.
receptionist	female_base	The receptionist finished their work.	their	Η ρεσεψιονίστ τελείωσε τη δουλειά της.	Die Empfangsdame beendete ihre Arbeit.	La recepcionista terminó su trabajo.	De receptioniste maakte hun werk af.
housekeeper	female_base	The housekeeper finished their work.	their	Η οικονόμος τελείωσε τη δουλειά της.	Die Haushälterin beendete ihre Arbeit.	El ama de llaves terminó su trabajo.	De huishoudster maakte hun werk af.
cleaner	female_base	The cleaner finished their work.	their	Η καθαρίστρια τελείωσε τη δουλειά της.	Die Reinigungskraft hat ihre Arbeit beendet.	La limpiadora terminó su trabajo.	De schoonmakers waren klaar met hun werk.
assistant	female_base	The assistant finished their work.	their	Ο βοηθός τελείωσε τη δουλειά του.	Die Assistentin beendete ihre Arbeit.	El asistente terminó su trabajo.	De assistent maakte hun werk af.
electrician	male_base	The electrician finished their work.	their	Ο ηλεκτρολόγος τελείωσε τη δουλειά του.	Der Elektriker hat seine Arbeit beendet.	El electricista terminó su trabajo.	De elektricien is klaar met zijn werk.
carpenter	male_base	The carpenter finished their work.	their	Ο ξυλουργός τελείωσε τη δουλειά του.	Die Zimmerleute beendeten ihre Arbeit.	El carpintero terminó su trabajo.	De timmerman maakte zijn werk af.
firefighter	male_base	The firefighter finished their work.	their	Ο πυροσβέστης τελείωσε τη δουλειά του.	Die Feuerwehrleute haben ihre Arbeit beendet.	Los bomberos terminaron su trabajo.	De brandweerman maakte zijn werk af.
plumber	male_base	The plumber finished their work.	their	Ο υδραυλικός τελείωσε τη δουλειά του.	Der Klempner hat seine Arbeit beendet.	El fontanero terminó su trabajo.	De loodgieter is klaar met zijn werk.
construction worker	male_base	The construction worker finished their work.	their	Οι οικοδόμοι τελείωσαν τη δουλειά τους.	Die Bauarbeiter beendeten ihre Arbeit.	Los obreros de la construcción terminan su trabajo.	De bouwvakker is klaar met zijn werk.
laborer	male_base	The laborer finished their work.	their	Οι εργάτες τελείωσαν τη δουλειά τους.	Die Arbeiter beendeten ihre Arbeit.	El obrero terminó su trabajo.	De arbeider maakte zijn werk af.
mechanic	male_base	The mechanic finished their work.	their	Ο μηχανικός τελείωσε τη δουλειά του.	Der Mechaniker beendete seine Arbeit.	El mecánico terminó su trabajo.	De monteur was klaar met zijn werk.
driver	male_base	The driver finished their work.	their	Ο οδηγός τελείωσε τη δουλειά του.	Der Fahrer beendete seine Arbeit.	El conductor terminó su trabajo.	De chauffeur was klaar met zijn werk.
machinist	male_base	The machinist finished their work.	their	Ο μηχανικός τελείωσε τη δουλειά του.	Der Maschinist beendete seine Arbeit.	El maquinista terminó su trabajo.	De machinist was klaar met zijn werk.
painter	male_base	The painter finished their work.	their	Ο ζωγράφος τελείωσε τη δουλειά του.	Der Maler beendete seine Arbeit.	El pintor terminó su trabajo.	De schilder was klaar met zijn werk.
chemist	neutral_base	The chemist finished their work.	their	Ο χημικός τελείωσε τη δουλειά του.	Der Chemiker hat seine Arbeit beendet.	El químico terminó su trabajo.	De chemicus maakte zijn werk af.
manager	neutral_base	The manager finished their work.	their	Ο διευθυντής τελείωσε τη δουλειά του.	Der Manager beendete seine Arbeit.	El director terminó su trabajo.	De manager was klaar met hun werk.
supervisor	neutral_base	The supervisor finished their work.	their	Ο επόπτης ολοκλήρωσε τη δουλειά του.	Die Aufsichtsperson beendete ihre Arbeit.	El supervisor terminó su trabajo.	De opzichter maakte zijn werk af.
salesperson	neutral_base	The salesperson finished their work.	their	Ο πωλητής τελείωσε τη δουλειά του.	Der Verkäufer hat seine Arbeit beendet.	El vendedor terminó su trabajo.	De verkoper is klaar met zijn werk.
photographer	neutral_base	The photographer finished their work.	their	Ο φωτογράφος τελείωσε τη δουλειά του.	Der Fotograf hat seine Arbeit beendet.	El fotógrafo terminó su trabajo.	De fotograaf maakte zijn werk af.
bartender	neutral_base	The bartender finished their work.	their	Ο μπάρμαν τελείωσε τη δουλειά του.	Der Barkeeper beendete seine Arbeit.	El camarero terminó su trabajo.	De barman maakte zijn werk af.
dispatcher	neutral_base	The dispatcher finished their work.	their	Ο αποστολέας ολοκλήρωσε τη δουλειά του.	Der Disponent hat seine Arbeit beendet.	El despachador terminó su trabajo.	De centralist maakte zijn werk af.
judge	neutral_base	The judge finished their work.	their	Ο δικαστής τελείωσε τη δουλειά του.	Der Richter beendete seine Arbeit.	El juez terminó su trabajo.	De rechter was klaar met zijn werk.
artist	neutral_base	The artist finished their work.	their	Ο καλλιτέχνης τελείωσε το έργο του.	Der Künstler beendete sein Werk.	El artista terminó su trabajo.	De kunstenaar is klaar met zijn werk.
designer	neutral_base	The designer finished their work.	their	Ο σχεδιαστής ολοκλήρωσε τη δουλειά του.	Der Designer hat seine Arbeit beendet.	El diseñador terminó su trabajo.	De ontwerper was klaar met zijn werk.